Date,Tweets,Username,Url,Followers,Likes
2022-12-28 10:32:13+00:00,"Mother of Coincidence ğŸ˜ğŸ˜²
#SachinTendulkar #ViratKohli #Cricket #CricketTwitter https://t.co/lgGMvBWkdM",im_piyushpawar,https://twitter.com/im_piyushpawar/status/1608048165298802689,63,0
2022-12-28 10:31:05+00:00,"@HumanTsunaME Nenu aithe Sachin Tendulkar retirement ayyaka ika cricket ğŸ ne vadilesha ğŸ¥º

Cricket lo Sachin Tendulkar, movies lo Mega Star Chiranjeevi garu are my favourite ğŸ‘",RajenderGajula2,https://twitter.com/RajenderGajula2/status/1608047881277308928,245,1
2022-12-28 10:21:57+00:00,@nimrit2012 The Worlds Best Batsman.Master Blaster SachiN Tendulkar  ğŸ”¥ ğŸ’¯ğŸ’¯ğŸ’¯,Abhisek099,https://twitter.com/Abhisek099/status/1608045580546347008,1064,1
2022-12-28 10:14:19+00:00,@nimrit2012 @Sachin_rt_200 @sachin_rt @100MasterBlastr @Abhinandan5653 @cricviewmedia @mayankmehta_16 @MumbaiIndiansTN @mipaltan @rohitsinghcv @sunny_rp ğŸ˜Šâ¤ï¸ğŸğŸ’¯ğŸ‡®ğŸ‡³,NorthStandGang,https://twitter.com/NorthStandGang/status/1608043660079435777,14712,1
2022-12-28 10:13:30+00:00,@Sachin_rt_200 @sachin_rt @100MasterBlastr @Abhinandan5653 @cricviewmedia @mayankmehta_16 @MumbaiIndiansTN @mipaltan @nimrit2012 @rohitsinghcv @sunny_rp ğŸ˜Šâ¤ï¸ğŸğŸ’¯ğŸ‡®ğŸ‡³,NorthStandGang,https://twitter.com/NorthStandGang/status/1608043455611293697,14712,1
2022-12-28 10:11:04+00:00,"@meownces Steve Smith
Sam Curran
Sachin Tendulkar
Surya Kumar Yadav
Shreyas Iyer
Shakib Al Hasan
Shikhar Dhawan
Shaun Marsh
Steve Waugh
Shane Warne
Shane Watson
Steve Harmison
Stephen Fleming
Shaun Pollock
Shubman Gill
Shimron Hetmyer
Shane Bond
Sunil Gavaskar
Shaheen Afridi",Sam_marquez3393,https://twitter.com/Sam_marquez3393/status/1608042844790616064,405,0
2022-12-28 10:07:17+00:00,@CricCrazyJohns Even Akash Chopra was Sachin Tendulkar in this farmer's tournament,SIK__AND__AR,https://twitter.com/SIK__AND__AR/status/1608041891052023808,21,1
2022-12-28 10:05:03+00:00,@Sachin_rt_200 @sachin_rt @NorthStandGang @100MasterBlastr @Abhinandan5653 @cricviewmedia @mayankmehta_16 @MumbaiIndiansTN @mipaltan @rohitsinghcv @sunny_rp Unmatched legacy a GOAT ğŸ for a reason,nimrit2012,https://twitter.com/nimrit2012/status/1608041328147050497,220,2
2022-12-28 10:00:18+00:00,India also boasts of internationally acclaimed sporting stars from batting maestro #SachinTendulkar to latest badminton star P.V.Sindhu. #PVSandhu https://t.co/nvTWvYrFzR,cihs_india,https://twitter.com/cihs_india/status/1608040132661358594,210,0
2022-12-28 09:59:12+00:00,"@sachin_rt GOAT ğŸ â¤ï¸
#SachinTendulkar Underrated AR 
ODI : 463 
RUNS : 18426
100s : 49 
50s : 96 
AVG: 44.83
HS : 200*
WKTS : 154

TEST : 200
RUNS : 15921
100s : 51
50s : 68
AVG : 53.79 
HS : 248*
WKTS : 46
#GodOfCricketğŸ™ŒğŸ™ 
@NorthStandGang
@100MasterBlastr https://t.co/arcuONtz3V",Sachin_rt_200,https://twitter.com/Sachin_rt_200/status/1608039857313681410,14596,6
2022-12-28 09:58:24+00:00,@Shebas_10dulkar Strange thing is i didn't see sachin tendulkar in this list ğŸ˜µâ€ğŸ’«,Vishnu_says,https://twitter.com/Vishnu_says/status/1608039656603668486,778,0
2022-12-28 09:57:49+00:00,"David Warner has equalled the record of most international centuries as an opener.

David Warner: 45*
Sachin Tendulkar: 45
Chris Gayle: 42

Still Warner has 1-2 year before retirement, can easily go past Sachin!",GyaaniCricketer,https://twitter.com/GyaaniCricketer/status/1608039509966585856,1909,6
2022-12-28 09:55:07+00:00,"@balaganesh1986 @ESPNcricinfo Sachin Tendulkar rahul dravid did scratching on ball 
Caught on camera 
Nothing done just ban for 1 match i guess
Don't nedd to tell about Shahid Afridi he literally chewed the ball
So Indian players are also cheaters by your logic",Shankar82006609,https://twitter.com/Shankar82006609/status/1608038830619373569,0,0
2022-12-28 09:42:39+00:00,"Sachin Tendulkar Ad: Sachin Tendulkar encourages recognition of a child's dreams in new Ageas Federal ad, ET BrandEquity

https://t.co/P3RcvG32Il",Kavirichard1,https://twitter.com/Kavirichard1/status/1608035691606446081,3,0
2022-12-28 09:41:27+00:00,"My All Time #India ODI XI ğŸ‡®ğŸ‡³

Op1- Sachin Tendulkar
Op2- Rohit Sharma
3- Virat Kohli
4- Yuvraj Singh
5- MS Dhoni (wk+C)
6-Suresh Raina
7- Ravindra Jadeja
8- Harbhajan Singh
9- Zaheer Khan
10- Jasprit Bumrah
11- Mohammed Shami
@BCCI 
@msdhoni 
@imVkohli @Dheerajsingh_ 
#ViratKohli",iamrajdeep82,https://twitter.com/iamrajdeep82/status/1608035389343952896,7,1
2022-12-28 09:40:12+00:00,Meet the Everest that canâ€™t be reached. @sachin_rt https://t.co/hxrksk6n8f,MItnfc2o,https://twitter.com/MItnfc2o/status/1608035074351693825,465,2
2022-12-28 09:39:50+00:00,Meet the Everest that canâ€™t be reached. @sachin_rt https://t.co/TEZi3WxnrC,Sachin_Vijay_Fc,https://twitter.com/Sachin_Vijay_Fc/status/1608034981875707904,254,3
2022-12-28 09:39:16+00:00,Meet the Everest that canâ€™t be reached. @sachin_rt https://t.co/G0W931nVFE,Troll_CSgay,https://twitter.com/Troll_CSgay/status/1608034841907564544,806,5
2022-12-28 09:36:19+00:00,"2....à¤¨à¥‡ @BCCI à¤•à¥‹ à¤à¤• à¤¸à¥‡ à¤¬à¤¢à¤¼à¤•à¤° à¤à¤• à¤¹à¥‹à¤¨à¤¹à¤¾à¤° à¤–à¥à¤²à¤¾à¤¡à¤¼à¥€ à¤¦à¤¿à¤¯à¤¾ à¤¹à¥ˆ à¤œà¤¿à¤¸à¤¸à¥‡ à¤•à¤ˆ à¤¯à¥à¤µà¤¾ à¤–à¤¿à¤²à¤¾à¤¡à¤¼à¤¿à¤¯à¥‹à¤‚ à¤•à¥‹ à¤…à¤ªà¤¨à¥‡ à¤¦à¥‡à¤¶ à¤¸à¥‡ à¤–à¥‡à¤²à¤¨à¥‡ à¤•à¤¾ à¤®à¥Œà¤•à¤¾ à¤¨à¤¹à¥€à¤‚ à¤®à¤¿à¤² à¤°à¤¹à¤¾ à¤¹à¥ˆ @BCCI à¤‡à¤¸ à¤µà¤¿à¤·à¤¯ à¤ªà¤° à¤µà¤¿à¤šà¤¾à¤° à¤µà¤¿à¤®à¤°à¥à¤¶ à¤•à¤°à¥‡à¤‚ à¤à¤µà¤‚ à¤–à¤¿à¤²à¤¾à¤¡à¤¼à¤¿à¤¯à¥‹à¤‚ à¤•à¥‹ à¤…à¤ªà¤¨à¥‡ à¤¦à¥‡à¤¶ à¤¸à¥‡ à¤–à¥‡à¤²à¤¨à¥‡ à¤•à¤¾ à¤®à¥Œà¤•à¤¾ à¤¦à¥‡à¤‚à¥¤
@sachin_rt @SGanguly99 @virendersehwag @VVSLaxman281 @IrfanPathan",Ravindar2DU,https://twitter.com/Ravindar2DU/status/1608034098521735169,3931,0
2022-12-28 09:31:29+00:00,"à°¡à°¬à±à°²à± à°¸à±†à°‚à°šà°°à±€ à°¤à±‹.. à°¸à°šà°¿à°¨à± à°°à°¿à°•à°¾à°°à±à°¡à±à°¨à± à°¸à°®à°‚ à°šà±‡à°¸à°¿à°¨ à°µà°¾à°°à±à°¨à°°à±?

à°—à°¤ à°•à±Šà°‚à°¤à°•à°¾à°²à°‚ à°¨à±à°‚à°šà°¿ à°¸à°°à±ˆà°¨ à°ªà±à°°à°¦à°°à±à°¶à°¨ à°šà±‡à°¯à°¡à°‚ à°²à±‡à°¦à± à°…à°‚à°Ÿà±‚ à°¤à±€à°µà±à°°à°¸à±à°¥à°¾à°¯à°¿à°²à±‹ à°µà°¿à°®à°°à±à°¶à°²à± à°à°¦à±à°°à±à°•à±Šà°‚à°Ÿà±à°¨à±à°¨ à°¡à±‡à°µà°¿à°¡à± à°µ

#Australia #SachinTendulkar #Cricket

@sachin_rt 

https://t.co/JdMlzt15Bh",realindiaherald,https://twitter.com/realindiaherald/status/1608032882714619905,3234,0
2022-12-28 09:24:16+00:00,@meownces Sachin Tendulkar,smarty2635,https://twitter.com/smarty2635/status/1608031066966880258,88,0
2022-12-28 09:22:52+00:00,"@BCCI Selectors Are Same As @mipaltan Selectors for Picking pathetic team,No Difference.@SDhawan25 who did not  played well only For one Series.But they Are Many players who Are flop Since years.Even Some Are Made Captain And VC.Horrible Selectors.@sachin_rt @GautamGambhir.",DAllInOneNews1,https://twitter.com/DAllInOneNews1/status/1608030714116837376,10,0
2022-12-28 09:20:17+00:00,@SunilSuman25375 @SSSNS_M12022022 @RNTata2000 @AnilAgarwal_Ved @SavitriJindal @sajjanjindal @AdityaBirlaGrp @vikasbajaj @anandmahindra @nikunjdalmia @sachin_rt @msdhoni @NSaina @Neeraj_chopra1 @akshaykumar @prakashjha27 @SrBachchan @priyankachopra @SavjiDholakia @RakeshSinha01 @bindeshwarpatha @deveshMLCbihar @QRFoundation @QueenRania @yogrishiramdev @Ach_Balkrishna @gatesfoundation @BMGFIndia @VedantaLimited ğŸ‘ŒğŸ‘Œ,Shivamd41782732,https://twitter.com/Shivamd41782732/status/1608030063311847424,3730,1
2022-12-28 09:16:51+00:00,"@Ram_Ro92 @ImZaheer @YUVSTRONG12 @virendersehwag @sachin_rt @Star__Vijay @KumaranRaina Next year na dean kku panna poren brooo ithu marii ğŸ¤—ğŸ¤—ğŸ˜ğŸ˜

@arun_filali @_looser_45_",ClassicPrasanna,https://twitter.com/ClassicPrasanna/status/1608029199046160384,193,0
2022-12-28 09:07:02+00:00,"à¤®à¥ˆà¤‚ à¤¬à¤¹à¥à¤¤ à¤¹à¥€ à¤­à¤¾à¤—à¥à¤¯à¤¶à¤¾à¤²à¥€ à¤¹à¥‚à¤‚ à¤•à¥€ à¤­à¤¾à¤°à¤¤à¥€à¤¯ à¤•à¥à¤°à¤¿à¤•à¥‡à¤Ÿ à¤Ÿà¥€à¤® à¤•à¥‡ à¤ˆà¤¶à¤¾à¤¨ à¤•à¤¿à¤¶à¤¨ à¤œà¥€ à¤à¤µà¤‚ à¤®à¥à¤•à¥‡à¤¶ à¤•à¥à¤®à¤¾à¤° à¤œà¥€ à¤•à¥‡ à¤¸à¤¾à¤¥ à¤–à¥‡à¤²à¤¨à¥‡ à¤•à¤¾ à¤®à¥à¤à¥‡ à¤…à¤µà¤¸à¤° à¤®à¤¿à¤²à¤¾ à¤¹à¥ˆ, à¤œà¤¿à¤¨à¤•à¤¾ à¤šà¤¯à¤¨ à¤¶à¥à¤°à¥€à¤²à¤‚à¤•à¤¾ à¤•à¥‡ à¤–à¤¿à¤²à¤¾à¤« à¤¹à¥‹à¤¨à¥‡ à¤µà¤¾à¤²à¥‡ T20 à¤¸à¥€à¤°à¥€à¤œ à¤•à¥‡ à¤²à¤¿à¤ à¤­à¤¾à¤°à¤¤à¥€à¤¯ à¤Ÿà¥€à¤® à¤®à¥‡à¤‚ à¤¹à¥à¤†à¥¤ à¤¬à¤¿à¤¹à¤¾à¤° à¤•à¥‡ à¤¦à¥‹à¤¨à¥‹à¤‚ à¤²à¤¾à¤² à¤•à¥‹ à¤¬à¤¹à¥à¤¤ à¤¬à¤¹à¥à¤¤ à¤¬à¤§à¤¾à¤ˆà¥¤ 

@ishankishan51 @sachin_rt @msdhoni https://t.co/wMOC7UaBaC",Nadeem634,https://twitter.com/Nadeem634/status/1608026727510601730,113,1
2022-12-28 09:05:25+00:00,"Shikhar Dhawan and Rohit Sharma play together in ODIs. ğŸ˜ğŸ¤Ÿ

#shikhardhawan #rohitsharma #viratkohli #msdhoni #ipl #cricket #klrahul #hardikpandya #sachintendulkar #indiancricketteam https://t.co/75EnQqlSLL",khandada92786,https://twitter.com/khandada92786/status/1608026323511029761,604,0
2022-12-28 09:05:18+00:00,"The greatest ever cricketer, Don Bradman, was also the greatest ever sportsperson ever.

Ever.

Look at his stats.

Then look at the next guy, Sachin Tendulkar.

The gulf is huge.

But Bradman was a bit of an outlier. No one has even come close since he was around.",kiwiyamabushi,https://twitter.com/kiwiyamabushi/status/1608026292896649221,454,0
2022-12-28 09:05:04+00:00,"@shubh_vachan @CricCrazyNIKS @peeyushsharmaa @mayankglt Black - Smriti Mandhana
Gold - Wanindu Hasaranga
Silver - Sachin Tendulkar",FantasycricPro,https://twitter.com/FantasycricPro/status/1608026233383837696,7231,0
2022-12-28 09:03:59+00:00,"#alphaHorse #AlphaPass #MintAlphaPass  https://t.co/YDYAFqhn9r 

@sachin_rt @ewarren @AzmiShabana",000x686,https://twitter.com/000x686/status/1608025960716304389,24,0
2022-12-28 08:54:39+00:00,"Most times ending the year as Top 10 ranked ODI batsman : 

15: Vivian Richards
14: Sachin Tendulkar
13: Virat Kohli

#GOATğ“ƒµ",GoCricket_63,https://twitter.com/GoCricket_63/status/1608023611134324737,0,0
2022-12-28 08:54:20+00:00,Meet the Everest that canâ€™t be reached. @sachin_rt https://t.co/dhsArOpsVV,Sachinist,https://twitter.com/Sachinist/status/1608023531207675907,13506,44
2022-12-28 08:51:44+00:00,"Sachin Tendulkar Ad: Sachin Tendulkar encourages recognition of a child's dreams in new Ageas Federal ad, ET BrandEquity

https://t.co/PXRMQWbYeq",Ramyapr870295,https://twitter.com/Ramyapr870295/status/1608022880486318081,7,0
2022-12-28 08:49:40+00:00,"@_Tejapaluri @ImZaheer @YUVSTRONG12 @virendersehwag @sachin_rt @Star__Vijay @KumaranRaina Awesome bro, i too â¤ğŸ˜ğŸ’¥",Ram_Ro92,https://twitter.com/Ram_Ro92/status/1608022359524642816,1045,1
2022-12-28 08:48:31+00:00,"@Ram_Ro92 @ImZaheer @YUVSTRONG12 @virendersehwag @sachin_rt @Star__Vijay @KumaranRaina I watched this match live ğŸ¥°
my father is cricket fan then",_Tejapaluri,https://twitter.com/_Tejapaluri/status/1608022069148798976,444,1
2022-12-28 08:39:06+00:00,à¦«à¦¿à¦°à§‡ à¦¦à§‡à¦–à¦¾ à§¨à§¦à§¨à§¨: à¦à¦• à¦à¦²à¦•à§‡ à¦à¦‡ à¦¬à¦›à¦°à§‡ à¦­à¦¾à¦°à¦¤à§€à¦¯à¦¼ à¦•à§à¦°à¦¿à¦•à§‡à¦Ÿà§‡à¦° à¦¸à§à¦®à¦°à¦£à§€à¦¯à¦¼ à¦®à§à¦¹à§‚à¦°à§à¦¤à¦—à§à¦²à¦¿ #yearender2022 #india #viratkohli #ishankishan #sachintendulkar #jaspritbumrah https://t.co/TuWSk4GZ7r,OneindiaBengali,https://twitter.com/OneindiaBengali/status/1608019701178970113,2890,0
2022-12-28 08:37:16+00:00,@Star__Vijay @ImZaheer @YUVSTRONG12 @virendersehwag @sachin_rt @KumaranRaina â¤ğŸ˜,Ram_Ro92,https://twitter.com/Ram_Ro92/status/1608019237154754563,1045,1
2022-12-28 08:36:17+00:00,@Punter655 @FanSehajpal @realsehajpal @EktaaRKapoor @altbalaji Bro heights se kya tu talent ko judge krega aj example Sachin Tendulkar SRK y sab ki height bhut jyda nhi thi but they achieve greats heights in their carrier kuch bhi mat bola kar aj pratik ne wo krdiya h jo log 15 saal m nhi krpaye itne shor time naam kaman asaan nhi hota ğŸ”¥,KartikP05404655,https://twitter.com/KartikP05404655/status/1608018991477579776,12,2
2022-12-28 08:36:05+00:00,@Ram_Ro92 @ImZaheer @YUVSTRONG12 @virendersehwag @sachin_rt @KumaranRaina ğŸ¤©ğŸ¥°,Star__Vijay,https://twitter.com/Star__Vijay/status/1608018938075697154,5405,1
2022-12-28 08:33:47+00:00,@MersalTFC @ImZaheer @YUVSTRONG12 @virendersehwag @sachin_rt @Star__Vijay @KumaranRaina Miss him lot ğŸ¥º,Ram_Ro92,https://twitter.com/Ram_Ro92/status/1608018363099516928,1045,0
2022-12-28 08:33:01+00:00,@Ram_Ro92 @ImZaheer @YUVSTRONG12 @virendersehwag @sachin_rt @Star__Vijay @KumaranRaina Yuvi ğŸ¥ºğŸ¥º,MersalTFC,https://twitter.com/MersalTFC/status/1608018166411821056,4335,1
2022-12-28 08:27:47+00:00,@Iam_neel @Sachislife @CrickeTendulkar @sachin_rt @100MasterBlastr @Puneite_ Woh to Brisbane me tha 2003-2004 test,nimrit2012,https://twitter.com/nimrit2012/status/1608016850860015616,220,0
2022-12-28 08:24:11+00:00,@Ram_Ro92 @ImZaheer @YUVSTRONG12 @virendersehwag @sachin_rt @Star__Vijay @KumaranRaina Ok,sabrina_baanu,https://twitter.com/sabrina_baanu/status/1608015947289473024,473,1
2022-12-28 08:23:35+00:00,@sabrina_baanu @ImZaheer @YUVSTRONG12 @virendersehwag @sachin_rt @Star__Vijay @KumaranRaina Shock korai ğŸƒâ€â™‚ï¸ğŸƒâ€â™‚ï¸ğŸƒâ€â™‚ï¸,Ram_Ro92,https://twitter.com/Ram_Ro92/status/1608015795187245056,1045,0
2022-12-28 08:23:34+00:00,@Sachislife @CrickeTendulkar @sachin_rt @100MasterBlastr @Puneite_ Hmm Gillespie Buckner wala yad aaya,Iam_neel,https://twitter.com/Iam_neel/status/1608015790019858432,779,0
2022-12-28 08:23:07+00:00,@Ram_Ro92 @ImZaheer @YUVSTRONG12 @virendersehwag @sachin_rt @Star__Vijay @KumaranRaina ğŸ˜¯,sabrina_baanu,https://twitter.com/sabrina_baanu/status/1608015677289562113,473,1
2022-12-28 08:21:51+00:00,@_FaridKhan Definitely... reminds me of the Sachin Tendulkar era. But there is always a hope.,slyslith,https://twitter.com/slyslith/status/1608015358455353344,9,0
2022-12-28 08:20:10+00:00,@sabrina_baanu @ImZaheer @YUVSTRONG12 @virendersehwag @sachin_rt @Star__Vijay @KumaranRaina Vera level moment live laâ¤ğŸ˜,Ram_Ro92,https://twitter.com/Ram_Ro92/status/1608014935338151936,1045,1
2022-12-28 08:19:07+00:00,@Ram_Ro92 @ImZaheer @YUVSTRONG12 @virendersehwag @sachin_rt @Star__Vijay @KumaranRaina â¤ï¸ cute,sabrina_baanu,https://twitter.com/sabrina_baanu/status/1608014671713533955,473,1
2022-12-28 08:18:37+00:00,@VJMahi05 @ImZaheer @YUVSTRONG12 @virendersehwag @sachin_rt @Star__Vijay @KumaranRaina ğŸ˜â¤,Ram_Ro92,https://twitter.com/Ram_Ro92/status/1608014544881975298,1045,1
2022-12-28 08:17:35+00:00,@Ram_Ro92 @ImZaheer @YUVSTRONG12 @virendersehwag @sachin_rt @Star__Vijay @KumaranRaina ğŸ˜»â¤ï¸,VJMahi05,https://twitter.com/VJMahi05/status/1608014282536648707,421,1
2022-12-28 08:10:03+00:00,@ViralBigBoss @sachin_rt Hi,RanaRam07005575,https://twitter.com/RanaRam07005575/status/1608012389403987972,0,0
2022-12-28 08:06:05+00:00,"@Iam_neel @CrickeTendulkar @sachin_rt @100MasterBlastr @Puneite_ Adelaide - Warne, McGrath
Sydney - McGrath",Sachislife,https://twitter.com/Sachislife/status/1608011391092527105,2991,1
2022-12-28 08:02:19+00:00,"Now the two legends have the same record.

Visit Our Website: https://t.co/tv1jNFacWU

#taj777news #SportsNews #Cricket #DavidWarner #SachinTendulkar #Australian #records #TeamIndia https://t.co/gyHjWIEwpp",taj777news,https://twitter.com/taj777news/status/1608010444018708481,11,0
2022-12-28 08:01:38+00:00,"When BCCI was preparing T-20 team for WC 2022, they kept sanju samson for ODIs, now when they are preparing ODI team for WC 2023 they moved sanju to T-20 team. same on you @IamSanjuSamson @BCCI @JayShah @sachin_rt @msdhoni",I_ankitsharma99,https://twitter.com/I_ankitsharma99/status/1608010270189977601,3,0
2022-12-28 07:58:31+00:00,@BCCI @mastercardindia Wow @BCCI what a drama again and again drop @IamSanjuSamson in Odi squad this guys average more then other players @sachin_rt @JayShah,I_ankitsharma99,https://twitter.com/I_ankitsharma99/status/1608009487285374976,3,0
2022-12-28 07:54:47+00:00,@_CricStats_ Sachin TendulkarğŸ‘†,Salim65821855,https://twitter.com/Salim65821855/status/1608008544514891777,4,2
2022-12-28 07:52:08+00:00,"@_FaridKhan International hundreds virat Kohli+ Sachin Tendulkar 173
 all Pakistani pleyar 100 haha ğŸ¤£ğŸ¤£ğŸ¤£",ThakurRaoDanis1,https://twitter.com/ThakurRaoDanis1/status/1608007880602517504,8,1
2022-12-28 07:48:34+00:00,@_FaridKhan Babar is greatest batsman than Sachin Tendulkar &amp; Greatest bowler than Muralidharan &amp; Warne.,snayak759,https://twitter.com/snayak759/status/1608006981281001472,30,0
2022-12-28 07:43:58+00:00,"Shikhar Dhawan and Rohit Sharma will go down as ğŸ‡®ğŸ‡³' s second most successful opening pair in ODIs post Sachin Tendulkar and Sourav Ganguly ğŸ

They also have 18 century opening stands which is the second highest ğŸ˜¯ğŸ‘ğŸ»

#Cricket #INDvSL #INDvsSL @SDhawan25 @ImRo45 https://t.co/Ljy5A7Lkpy",weRcricket,https://twitter.com/weRcricket/status/1608005826031108096,25196,35
2022-12-28 07:39:23+00:00,"Mother of coincidence ğŸ¤¯

#OnThisDay #viratkohli #SachinTendulkar https://t.co/FbfXUgFsFR",cricfollowers_1,https://twitter.com/cricfollowers_1/status/1608004671662338049,118,0
2022-12-28 07:33:45+00:00,@_FaridKhan @ppushp7 Abe Gadhe don't compare with Sachin Tendulkar,snayak759,https://twitter.com/snayak759/status/1608003252972572672,30,0
2022-12-28 07:26:31+00:00,@_FaridKhan @ppushp7 According to you Babar is greatest batsman than Sachin Tendulkar.,snayak759,https://twitter.com/snayak759/status/1608001431029809153,30,0
2022-12-28 07:25:50+00:00,"Sir Garfield Sobers to Ricky Ponting and finally the man himself Sachin Ramesh Tendulkar..

HE IS THE MYTH THAT EVERYONE BELIEVE ..

#SachinTendulkar https://t.co/oB9jM2sxoJ",Loyalsachfan01,https://twitter.com/Loyalsachfan01/status/1608001260514607104,2405,30
2022-12-28 07:23:09+00:00,I am being shown salman khans image in twitter i do not want to be distracted by movie star celebrities.. There was a suspect sachin tendulkar that appeared in chiangmai once.. I want this distractions to end me get money and lead my life,ThaiKumar,https://twitter.com/ThaiKumar/status/1608000586552856581,8,0
2022-12-28 07:09:00+00:00,"You must be wondering how? Honestly I don't have the exact answer now but soon I will figure out. 

Ratan Tata, Steve Jobs, Mahatma Gandhi, Nelson Mandela, Mother Theresa, Sachin Tendulkar, A R Rehman, Oprah Winfrey and APJ Abdul Kalam, All these people are not superhumans,",VermaKiran,https://twitter.com/VermaKiran/status/1607997024657641473,2071,0
2022-12-28 07:05:08+00:00,@RVCJ_FB Kon sa equal hogya hai bhai. Yes he is amazing but Sachin Tendulkar sir is god,RATHIShivamCha1,https://twitter.com/RATHIShivamCha1/status/1607996051436498945,302,0
2022-12-28 07:03:00+00:00,@_FaridKhan International Hundreds of Sachin Tendulkar &gt;&gt;&gt; Whole Pakistan Cricket Team ğŸ˜†ğŸ˜†ğŸ˜†ğŸ˜†,SpTweeted,https://twitter.com/SpTweeted/status/1607995512741040129,64,0
2022-12-28 07:02:45+00:00,@Abhinandan5653 @sachin_rt Yeah that was KADAK shot but went straight to point fielder and Sachin ka catch tha toh chodna toh tha nahi unko....he was not lucky in that aspect....barring 2011 wc semi,sunny_rp,https://twitter.com/sunny_rp/status/1607995450896060416,185,0
2022-12-28 06:56:27+00:00,Sachin Tandulkar is the real Zimdulkar #SachinTendulkar... https://t.co/BZBEqjmkJF,BadAndDark4Life,https://twitter.com/BadAndDark4Life/status/1607993867277864960,300,0
2022-12-28 06:56:11+00:00,"@MAG7CIAN @sywaseem @ESPNcricinfo Cricket has produced only one God
I.e sachin tendulkar
Cricket has produced only one king ğŸ‘‘
I.e king Kohli 
Inka babar jab cricket ka c nhi pata tha 
Usse phle virat ko king ka kihtab mil gya tha",ViratTilldeath,https://twitter.com/ViratTilldeath/status/1607993799153971201,99,0
2022-12-28 06:55:34+00:00,@SahilBulla Ofcourse rigged World Cup just like it was rigged for Sachin Tendulkar. Greats need a memorable exit ğŸ¥´,mikitsheth,https://twitter.com/mikitsheth/status/1607993642421227521,189,0
2022-12-28 06:49:52+00:00,@Smithian_again Pls also do a calculation for @sachin_rt. I think it would be around 150. What do you say @mufaddal_vohra @mohanstatsman,Bhartiya_7860,https://twitter.com/Bhartiya_7860/status/1607992210150260736,26,1
2022-12-28 06:45:05+00:00,"Sachin Tendulkar has no competition at any given stage of his career ğŸ«¡ğŸ”¥

#cricket #india #sachintendulkar #viratkohli #cricketlovers #cricketmerijaan #cricketers #appanews https://t.co/PnTVhiVKBH",appanewsclub,https://twitter.com/appanewsclub/status/1607991006766731264,43,2
2022-12-28 06:44:35+00:00,@sunny_rp @sachin_rt A complete batsman all the shot just mindbobling,nimrit2012,https://twitter.com/nimrit2012/status/1607990881369608192,220,1
2022-12-28 06:41:47+00:00,#à¤®à¥‰à¤¡à¤²_à¤¸à¥à¤Ÿà¥‡à¤Ÿ_à¤°à¤¾à¤œà¤¸à¥à¤¥à¤¾à¤¨ à¤°à¤¾à¤œà¤¸à¥à¤¥à¤¾à¤¨ à¤¸à¤°à¤•à¤¾à¤° à¤•à¥‡ à¤¶à¤¾à¤¨à¤¦à¤¾à¤° à¤šà¤¾à¤° à¤¸à¤¾à¤² @GovindDotasra @sachin_rt @RajCMO @artizzzz @DrKirodilalBJP @vinodmittal9 @Radhemahwa @bharatbeniwal_ https://t.co/nbQ8zMtpcZ,hariram20777117,https://twitter.com/hariram20777117/status/1607990175786995712,430,1
2022-12-28 06:40:18+00:00,@_FaridKhan Tumhra pura pakistan jitnaa century nhi lagyaa hoga utnaa to bass Sachin Tendulkar lagaa diya hai 100+73 =173,shabbuddin_md,https://twitter.com/shabbuddin_md/status/1607989801718001670,10,0
2022-12-28 06:38:21+00:00,"India's score was 2-11 in 6.4 overs when Sachin Tendulkar came to bat.
India's entire top order barring Sachin and Sourav failed against McGrath, Lee, Fleming and Warne. 

Sachin became the first Indian to score a 100 in the boxing day test.

#OnThisDay | #CricketTwitter https://t.co/IdEB95I3eE",PBTheBanglaBoy,https://twitter.com/PBTheBanglaBoy/status/1607989311236091906,217,8
2022-12-28 06:24:16+00:00,"Sachin Tendulkar had no competition at any given stage of his career ğŸ«¡ğŸ”¥

#CricketTwitter #india #sachintendulkar #viratkohli https://t.co/3LJEEybNv5",Sportskeeda,https://twitter.com/Sportskeeda/status/1607985766193590273,202129,389
2022-12-28 06:22:06+00:00,"David Warner has equalled the record for most centuries as an opener in international cricket ğŸ˜®ğŸ”¥

#DavidWarner #SachinTendulkar #ChrisGayle #AUSvSA #CricketTwitter #PAKvNZ https://t.co/4D0RZ5Kh0m",sportz_point,https://twitter.com/sportz_point/status/1607985222947340288,550,0
2022-12-28 06:21:13+00:00,Yes These brave and courageous soldiers who dare to sacrifice themselves for the protection of our motherland should also be honoured with highest civilian awards.Even Sachin Tendulkar got https://t.co/m11XijpY8C Dr shyamal kumar mukerjee Prayagraj https://t.co/2umeSwZ28D,shyamalmukerjee,https://twitter.com/shyamalmukerjee/status/1607984998862442496,12,0
2022-12-28 06:14:48+00:00,"Most 100s as Opener in international cricket:

45 - Sachin Tendulkar
45 - David Warner*
42 - Chris Gayle
41 - Sanath Jayasuriya
40 - Matthew Hayden

Warner has equalled Sachin's record of smashing most 100s as opener in international cricket yesterday.

#AUSvSA",Sports_amaze,https://twitter.com/Sports_amaze/status/1607983384663556096,2495,10
2022-12-28 06:14:12+00:00,@Sportskeeda That's why he is GOD and GOAT @sachin_rt ğŸ™,Mrityunjoy_offl,https://twitter.com/Mrityunjoy_offl/status/1607983232519409667,1136,1
2022-12-28 06:12:10+00:00,@ig_ToxXxic @DevMitt29 @ANI I have been playing pc games since my school days . And i still do for entertainment purpose only . Not everyone can became virat kohli/sachin Tendulkar or shroud/dr disrespect,AnsulNag,https://twitter.com/AnsulNag/status/1607982723553202178,261,0
2022-12-28 06:07:05+00:00,@katyxkohli17 Go and see #SachinTendulkar record,nishitbhatt1616,https://twitter.com/nishitbhatt1616/status/1607981444105895936,22,0
2022-12-28 06:05:47+00:00,"Please don't compare two legends of two different fields.. Both are icons.... If Sachin Tendulkar get the ""Bharat Ratna"" These legends also deserves the same. https://t.co/rpPM1dzH29",FMAnsari18,https://twitter.com/FMAnsari18/status/1607981116950204417,8,0
2022-12-28 05:50:11+00:00,"David Warner equals Sachin Tendulkarâ€™s record ğŸ¤©ğŸ”¥

#CricketTwitterâ€¯â€¯â€¯ #ausvssa https://t.co/sHjf89J1Df",Cric_Master_,https://twitter.com/Cric_Master_/status/1607977190427357184,11,1
2022-12-28 05:45:26+00:00,"@_FaridKhan Also Sachin Tendulkar and Ricky Pointing made 0 Hundreds in last 3 years, Babar Azam has surpassed all of them",rakeshvinita,https://twitter.com/rakeshvinita/status/1607975996459978752,10,0
2022-12-28 05:40:57+00:00,"Why was @klrahul changed from vice captain position? He was good in odi alteast,is this how you treat players? #KLRahulğ“ƒµ #ViratKohliğ“ƒµ #icc #BCCI #BCCISelectionCommittee #cricket #IPL #SachinTendulkar",MohammedShaiz21,https://twitter.com/MohammedShaiz21/status/1607974866438717440,1,0
2022-12-28 05:40:13+00:00,"David Warner reached the three-figure mark for the 45th time ğŸ˜¯

All his centuries have come as an opener, 25 tons in Tests, 19 in ODIs and one in T20Is ğŸ‘ğŸ»

#DavidWarner #AUSvRSA #AUSvsSA @davidwarner31 @sachin_rt @henrygayle https://t.co/ChClu88qsy",weRcricket,https://twitter.com/weRcricket/status/1607974680421629954,25196,16
2022-12-28 05:32:51+00:00,"Favorite Cricketer ğŸ
#SachinTendulkar #RohitSharmağ“ƒµ 
#ViratKohli #MSDhoni",anu_10__,https://twitter.com/anu_10__/status/1607972828984545280,272,0
2022-12-28 05:32:32+00:00,"@ImTanujSingh He has no god father like Sachin Tendulkar, Hardik pandya, Shubman  gill &amp; so many others chamcha typed players",nareshkalia1976,https://twitter.com/nareshkalia1976/status/1607972749179486212,1,1
2022-12-28 05:27:14+00:00,"@CrickeTendulkar @sachin_rt @100MasterBlastr Oh man, this innings was absolute bliss to any cricket fansâ€¦ facing McGrath, Lee, Fleming under overcast condition ğŸ˜… kept reminding me about 99wc super six spell from McGrath till Sachin get settledâ€¦ the six over warneyâ€™s head is still fresh in my memory",VIJIBASKY,https://twitter.com/VIJIBASKY/status/1607971416045150220,137,0
2022-12-28 05:17:11+00:00,"In the 90s, he carried the burden of our batting on his smallish yet strong shoulders.ğŸ§¡

#OTD @MCG '99
Coming in at 2/11, @sachin_rt weathered the initial storm from @glennmcgrath11, @BrettLee_58 &amp; @ShaneWarne to a pure masterpiece Boxing Day Test ğŸ’¯ under testing conditions. â¤ï¸ https://t.co/APGFpm4Xkd",NorthStandGang,https://twitter.com/NorthStandGang/status/1607968884522635265,14712,38
2022-12-28 05:11:25+00:00,@sthalekar93 @scg #SachinTendulkar,TechiteasyMadhu,https://twitter.com/TechiteasyMadhu/status/1607967432215527424,115,0
2022-12-28 05:09:47+00:00,@joinMovEX ok @sachin_rt @Caduceus_CMP,SachinB24082002,https://twitter.com/SachinB24082002/status/1607967021073039360,119,0
2022-12-28 05:06:21+00:00,"#OnThisDay
28Dec1999 at MCG
@sachin_rt  scored his 5th test century vs Aus &amp; Reached 1000 runs vs Aus in 19th Ing at age of 26 by playing 11 Test

28Dec2014 at MCG
@imVkohli  scored his 5th test century vs Aus &amp; Reached 1000 runs vs Aus in 19th Ing at age of 26 by playing 11 Test https://t.co/ComBEE3JVN",tapeshtoushik,https://twitter.com/tapeshtoushik/status/1607966160934539264,25,0
2022-12-28 05:05:50+00:00,"BCCI à®¤à¯‡à®°à¯à®µà¯à®•à¯à®•à¯à®´à¯ à®ªà®¤à®µà®¿à®•à¯à®•à¯ Dhoni, Sachin à®µà®¿à®£à¯à®£à®ªà¯à®ªà®®à¯? ğŸ˜³à®µà®¿à®¯à®°à¯à®¤à¯à®¤à¯ à®ªà¯‹à®© Jay Shah | à®à®©à¯à®©à®¾à®šà¯à®šà¯?

#INDvsBAN #IndvsBan2ndtest #t20squad #Viratkohli #dhoni  #odisquad  #indiavssrilanka #SachinTendulkar #indvssrilankaodisquad #colorkannadi  #MSDhoni

Full Video: https://t.co/csbMClMQ5v https://t.co/qx0ItoH0Y0",color_kannadi,https://twitter.com/color_kannadi/status/1607966029535383552,14,0
2022-12-28 05:03:23+00:00,@Zohaib1981 @sachin_rt @BrettLee_58 @AMP86793444 bhai ğŸ˜Š,manishsarangal1,https://twitter.com/manishsarangal1/status/1607965413308248065,1658,2
2022-12-28 04:59:30+00:00,"Sachin Tendulkar Scored 116 vs Australia #OnThisDay 28-12-1999 at MCG.
This was one of the best Test Hundred by @sachin_rt. 
@BrettLee_58 Debut For Australia in this Game. He Picked up 5 Wicket Haul.
https://t.co/vtt8eBweDV",Zohaib1981,https://twitter.com/Zohaib1981/status/1607964433774514176,6037,61
2022-12-28 04:59:27+00:00,à¤¡à¥‡à¤µà¤¿à¤¡ à¤µà¥‰à¤°à¥à¤¨à¤° à¤•à¥‡ à¤²à¤¿à¤ 100à¤µà¤¾à¤‚ à¤¨à¤‚à¤¬à¤° à¤¸à¤¾à¤¬à¤¿à¤¤ à¤¹à¥à¤† à¤­à¤¾à¤—à¥à¤¯à¤¶à¤¾à¤²à¥€...à¤ªà¤¹à¤²à¥‡ à¤µà¤¨à¤¡à¥‡ à¤«à¤¿à¤° à¤Ÿà¥‡à¤¸à¥à¤Ÿ...à¤…à¤¬ à¤Ÿà¥€20 à¤®à¥‡à¤‚ à¤¹à¥‹à¤—à¤¾ à¤šà¤®à¤¤à¥à¤•à¤¾à¤°! #DavidWarner #AUSvsSA #SachinTendulkar #Warner  https://t.co/uxH9a7QW3z,News18_Sports,https://twitter.com/News18_Sports/status/1607964422064205824,168,0
2022-12-28 04:50:29+00:00,@MFSahiHai @sachin_rt Best ğŸ‘,TaraGada1,https://twitter.com/TaraGada1/status/1607962166333968384,193,0
